antecedents,consequents,antecedent support,consequent support,support,confidence,lift,leverage,conviction
Chocolate,Biscuits,0.02784616690720774,0.2169114525851091,0.01298921810000849,0.46646341463414637,2.1504784974464224,0.006949065587238663,1.4677316774404814
Biscuits,Chocolate,0.2169114525851091,0.02784616690720774,0.01298921810000849,0.0598825831702544,2.1504784974464224,0.006949065587238663,1.0340770372822998
Coconut Milk,Sugar,0.03777909839544953,0.0974615841752271,0.010187622039222344,0.2696629213483146,2.7668637200015658,0.006505611260890052,1.2357833693600737
Sugar,Coconut Milk,0.0974615841752271,0.03777909839544953,0.010187622039222344,0.10452961672473866,2.7668637200015653,0.006505611260890052,1.074542407628428
Flour,Sugar,0.08082180151116393,0.0974615841752271,0.02835554800916886,0.3508403361344538,3.599780765964923,0.02047852719799506,1.3903180774517538
Sugar,Flour,0.0974615841752271,0.08082180151116393,0.02835554800916886,0.29094076655052264,3.599780765964923,0.02047852719799506,1.296334854871233
